,precision,recall,f1-score,support
positive,0.9285714285714286,1.0,0.9629629629629629,78.0
neutral,0.7551020408163265,1.0,0.8604651162790697,37.0
negative,1.0,0.8636363636363636,0.926829268292683,132.0
accuracy,0.9271255060728745,0.9271255060728745,0.9271255060728745,0.9271255060728745
macro avg,0.8945578231292517,0.9545454545454546,0.9167524491782385,247.0
weighted avg,0.9407584896306701,0.9271255060728745,0.9282987199517038,247.0
