,precision,recall,f1-score,support
negative,0.8333333333333334,1.0,0.9090909090909091,5.0
neutral,1.0,0.8,0.8888888888888888,5.0
positive,1.0,1.0,1.0,5.0
accuracy,0.9333333333333333,0.9333333333333333,0.9333333333333333,0.9333333333333333
macro avg,0.9444444444444445,0.9333333333333332,0.9326599326599326,15.0
weighted avg,0.9444444444444445,0.9333333333333333,0.9326599326599326,15.0
