,precision,recall,f1-score,support
positive,0.9090909090909091,1.0,0.9523809523809523,10.0
neutral,1.0,0.9,0.9473684210526315,10.0
negative,0.9,0.9,0.9,10.0
accuracy,0.9333333333333333,0.9333333333333333,0.9333333333333333,0.9333333333333333
macro avg,0.9363636363636364,0.9333333333333332,0.933249791144528,30.0
weighted avg,0.9363636363636363,0.9333333333333333,0.933249791144528,30.0
