,precision,recall,f1-score,support
positive,0.0,0.0,0.0,10.0
neutral,0.3448275862068966,1.0,0.5128205128205128,10.0
negative,1.0,0.1,0.18181818181818182,10.0
accuracy,0.36666666666666664,0.36666666666666664,0.36666666666666664,0.36666666666666664
macro avg,0.4482758620689655,0.3666666666666667,0.23154623154623155,30.0
weighted avg,0.4482758620689655,0.36666666666666664,0.23154623154623152,30.0
