,precision,recall,f1-score,support
positive,0.0,0.0,0.0,78.0
neutral,0.1615720524017467,1.0,0.2781954887218045,37.0
negative,1.0,0.13636363636363635,0.24,132.0
accuracy,0.22267206477732793,0.22267206477732793,0.22267206477732793,0.22267206477732793
macro avg,0.3871906841339156,0.37878787878787873,0.17273182957393485,247.0
weighted avg,0.5586160564326503,0.22267206477732793,0.1699321177437521,247.0
