,precision,recall,f1-score,support
positive,0.9090909090909091,1.0,0.9523809523809523,10.0
neutral,1.0,1.0,1.0,10.0
negative,1.0,0.9,0.9473684210526315,10.0
accuracy,0.9666666666666667,0.9666666666666667,0.9666666666666667,0.9666666666666667
macro avg,0.9696969696969697,0.9666666666666667,0.9665831244778613,30.0
weighted avg,0.9696969696969696,0.9666666666666667,0.9665831244778613,30.0
