,precision,recall,f1-score,support
positive,0.9285714285714286,1.0,0.9629629629629629,78.0
neutral,0.5522388059701493,1.0,0.7115384615384616,37.0
negative,1.0,0.7272727272727273,0.8421052631578947,132.0
accuracy,0.854251012145749,0.854251012145749,0.854251012145749,0.854251012145749
macro avg,0.8269367448471927,0.9090909090909092,0.8388688958864398,247.0
weighted avg,0.9103700698358985,0.854251012145749,0.86071226285375,247.0
